{
  "elements": [
    {
      "name": "Leseabenteuer",
      "description": {
        "full": "Als Ergänzung im Bereich Leseförderung werden vier adaptive Förderkonzepte „Levumis Leseabenteuer“ zur Steigerung der Leseflüssigkeit und des Leseverständnisses in der Grundschule angeboten. Jedes Leseabenteuer enthält eine zusammenhängende Lesegeschichte, die in sieben bis neun Lesetexte aufgeteilt ist. Zu jeder Lesegeschichte werden mehrere Arbeitsblätter angeboten. Jedes Leseabenteuer ist als in sich geschlossenes Konzept für eine intensive Leseförderung durchführbar. Alternativ eigenen sich die einzelnen Materialien (z.B. Lesetexte, Arbeitsblätter, Übungswortschatz) für eine adaptive Leseförderung im Unterricht.  Alle Materialien dürfen für unterrichtliche Zwecke verändert und frei verwendet werden (Open Access CC-BA-NC-SA Lizenz). Die Förderprinzipien basieren auf denen des Handbuchs für Lehrkräfte „Förderansätze im LESEN mit Levumi“ (Jungjohann, Gebhardt, Diehl & Mühling, 2017) und werden durch didaktische Methoden (z.B. Lesetandem, wiederholtes Lesen) erweitert. Jedes Leseabenteuer hat einen eigenen inhaltlichen Schwerpunkt:<br/><br/><u>Leseabenteuer 1:</u><br/> „Levumi, Malini und das verhexte Dorf“: Levumi hilft seiner Hexenfreundin Malini, ihr Dorf vor dem Zauberer Bramo zu beschützen. Dafür müssen die Freunde Malinis Hexenbuch finden und eine Reise voller Abenteuer bestehen.<br/><br/><u>Leseabenteuer 2:</u><br/> „Levumi und Braunidra auf der Suche nach Goldstaub“: Levumi besucht den Weltraumdrachen Braunidra. Mit dem Ziel einen kranken Stern mit Goldstaub zu heilen, besuchen Braunidra und Levumi zusammen verschiedene Planeten.<br/><br/><u>Leseabenteuer 3:</u><br/> „Levumi und Trikla im Dschungel“: Levumi besucht seinen Freund Tiger Trikla im Dschungel, um Trikla bei der Vorbereitung seines Geburtstags zu helfen. Levumi sucht die verschiedenen Tiergäste im Dschungel, um sie zu Triklas Feier einzuladen.<br/><br/><u>Leseabenteuer 4:</u><br/> „Levumi und Fredro auf Schatzsuche“: Levumi und sein Menschenfreund Fredro finden eine Schatzkarte in einer Flaschenpost. Gemeinsam machen sie sich auf die Suche nach dem Schatz. Während der Schatzsuche treffen die Freunde auf Piraten, Fischer und andere Personen, die ihnen helfen.",
        "short": "Test",
        "usage": "In dieser Handreichung werden die Einsatzmöglichkeiten, die Konstruktion sowie die Inhalte und Förderziele der Levumis Leseabenteuer erklärt. "
      },
      "path": "files/reading",
      "areas": ["Deutsch"],
      "competences": ["Leseverständnis"],
      "test_families": ["Sinnkonstruierendes Satzlesen"],
      "tests": ["SEL4"],
      "items": [
      ]
    }
  ]
}