{
  "elements": [
    {
      "path": "cats",
      "areas": [],
      "competences": [],
      "test_families": ["Katzen und Vögel"],
      "tests": [],
      "items": [
        {
          "test": "Ex_S_1",
          "item": "I4"
        },
        {
          "test": "Ex_S_1",
          "item": "I5"
        },
        {
          "test": "Ex_S_1",
          "item": "I6"
        },
        {
          "test": "Ex_U_1",
          "item": "I4"
        },
        {
          "test": "Ex_U_1",
          "item": "I5"
        },
        {
          "test": "Ex_U_1",
          "item": "I6"
        }
      ]
    },
    {
      "path": "birds",
      "areas": [],
      "competences": [],
      "test_families": ["Katzen und Vögel"],
      "tests": [],
      "items": [
        {
          "test": "Ex_S_1",
          "item": "I1"
        },
        {
          "test": "Ex_S_1",
          "item": "I2"
        },
        {
          "test": "Ex_S_1",
          "item": "I3"
        },
        {
          "test": "Ex_U_1",
          "item": "I1"
        },
        {
          "test": "Ex_U_1",
          "item": "I2"
        },
        {
          "test": "Ex_U_1",
          "item": "I3"
        }
      ]
    }
  ]
}